epoch,accuracy,loss,val_accuracy,val_loss
0,0.7333452105522156,0.5212804079055786,0.831250011920929,0.5438002347946167
1,0.75,0.33647894859313965,0.8585858345031738,0.35393813252449036
